1,TS,Fiama Soaps Gel,FDW CLEAR SPRINGS 125 GMS,60,not found,not found
2,TS,Fiama Soaps Gel,FDW CLEAR SPRINGS 125GMSX3,180,174,http://www.amazon.in/Fiama-Di-Wills-Springs-Bathing/dp/B00JKHOGWM/ref=sr_1_1/280-7577053-1959803?ie=UTF8&qid=1457102387&sr=8-1&keywords=fiama+di+wills+clear+springs+125g+pack+of+3
3,TS,Fiama Soaps Gel,FDW EXOTIC DREAM 125GMS,60,not found,not found
4,TS,Fiama Soaps Gel,FDW EXOTIC DREAM 125GMSX3,180,180,http://www.amazon.in/Fiama-Di-Wills-Exotic-Bathing/dp/B00JKHOJ3S/ref=sr_1_1/276-3277442-2732853?ie=UTF8&qid=1457102390&sr=8-1&keywords=fiama+di+wills+exotic+dream+125g+pack+of+3
5,TS,Fiama Soaps Gel,FDW LA FANTASIA 125GMS,60,not found,not found
6,TS,Fiama Soaps Gel,FDW LA FANTASIA 125GMSX3,180,174,http://www.amazon.in/Fiama-Di-Wills-Fantasia-Bathing/dp/B00JKHOOSS/ref=sr_1_1/277-6233923-2816044?ie=UTF8&qid=1457102394&sr=8-1&keywords=fiama+di+wills+la+fantasia+125g+pack+of+3
7,TS,Fiama Soaps Gel,FDW LA FANTASIA 75GMS,36,,
8,TS,Fiama Soaps Gel,FDW MILD DEW 125GMSX3,180,174,http://www.amazon.in/Fiama-Di-Wills-Mild-Bathing/dp/B00DRE0KVU/ref=sr_1_1/280-4435228-7019450?ie=UTF8&qid=1457102395&sr=8-1&keywords=fiama+di+wills+mild+dew+125g+pack+of+3
9,TS,Fiama Soaps Gel,FDW MILD DEW SOAP 115 GMS,60,not found,not found
10,TS,Fiama Soaps Gel,FDW MILD DEW SOAP 75G,36,not found,not found
11,TS,Fiama Soaps Gel,FDW NATURE YOUNG 125GMS,60,,
12,TS,Fiama Soaps Gel,FDW NATURE YOUNG 75GMS,36,,
13,TS,Fiama Soaps Gel,FDW PURE RIO SPLASH 125GMS,60,not found,not found
14,TS,Fiama Soaps Gel,FDW PURE RIO SPLASH 125GMSX3,180,180,http://www.amazon.in/Fiama-Di-Wills-Splash-Bathing/dp/B00JKHOS48/ref=sr_1_1/280-2923464-3672515?ie=UTF8&qid=1457102402&sr=8-1&keywords=fiama+di+wills+pure+rio+splash+125g+pack+of+3
15,TS,Fiama Soaps Gel,FDW PURE RIO SPLASH 75GMS,36,,
16,TS,FDW Men Soaps,FDW MEN ENERGIZING SPORT 125GMS,60,not found,not found
17,TS,FDW Men Soaps,FDW MEN ENERGIZING SPORT 125GMSX3,180,180,http://www.amazon.in/Fiama-Di-Wills-Men-Energizing/dp/B00Q3547ZA/ref=sr_1_1/276-6778820-9174907?ie=UTF8&qid=1457102407&sr=8-1&keywords=fiama+di+wills+men+energizing+sport+125g+pack+of+3
18,TS,FDW Men Soaps,FDW MEN REFRESHING PULSE 125GMS,60,,
19,TS,FDW Men Soaps,FDW MEN REFRESHING PULSE 125GMSX3,180,,
20,TS,VLN,VLN SBUTTER 125GMSX3,140,not found,not found
21,TS,VLN,VLN SBUTTER 75GMS,30,not found,not found
22,TS,VLN,VLN OBUTTER 125GMSX3,140,,
23,TS,VLN,VLN OBUTTER 75GMS,30,not found,not found
24,TS,Vivel Soaps,VIVEL YOUNG GLOW 100*3 GMS(CART),67,,
25,TS,Vivel Soaps,VIVEL YOUNG GLOW 100 GMS(CARTON),23,,
26,TS,Vivel Soaps,VIVEL YOUNG GLOW 110*4 (CARTON),90,,
27,TS,Vivel Soaps,VIVEL GREEN TEA 100 X 3 GMS,67,,
28,TS,Vivel Soaps,VIVEL GREEN TEA 100 GMS,23,not found,not found
29,TS,Vivel Soaps,VIVEL GREEN TEA 100 X 4 GMS,90,,
30,TS,Vivel Soaps,VIVEL SATIN SOFT 100*3 GMS(CART),67,,
31,TS,Vivel Soaps,VIVEL SATIN SOFT 100 GMS(CARTON),23,not found,not found
32,TS,Vivel Soaps,VIVEL SATIN SOFT 100*4GMS(CART),90,,
33,TS,Vivel Soaps,VIVEL SATIN SOFT 150GMSX4+1(CART),152,,
34,TS,Vivel Soaps,VIVEL DOUBLE MOISTURISER 100X4GMS,94,,
35,TS,Superia Soaps - Silk,SUPERIA SILK SAFFRON 100G,20,,
36,TS,Superia Soaps - Silk,SUPERIA SILK SAFFRON 100GMSX4-NC,64,,
37,TS,Superia Soaps - Silk,SUPERIA SILK SAFFRON 100GX4 PENFREE,68,,
38,TS,Superia Soaps - Silk,SUPERIA SILK BUTTER SCOTCH 100G,20,,
39,TS,Superia Soaps - Silk,SUPERIA SiLK BUTTER SCOTCH(100G+25%FR)X4,64,,
40,TS,Superia Soaps (minus Silk),SUPERIA FRAGRANT FLOWER 60GMSX3-NC,30,,
41,TS,Superia Soaps (minus Silk),SUPERIA Soft SANDAL(60G+15G EXTRA)X4,40,,
42,TS,Superia Soaps (minus Silk),SUPERIA SOFT SANDAL 60GMSX3-NC,30,,
43,TS,Superia Soaps (minus Silk),SUPERIA LEMON FRESH 60GMSX3+1,30,,
44,TS,Superia Soaps (minus Silk),SUPERIA LEMON FRESH(60G+15G EXTRA)X4,40,,
45,TS,Superia Soaps (minus Silk),SUPERIA NATURAL GLOW(60G+6G)X3,30,,
46,TS,Superia Soaps (minus Silk),SUPERIA NATURAL GLOW(60G+15G EXTRA)X4,40,,
47,TS,Savlon Soaps,SAVLON GLYCERINE SOAPS 75 GMS,22,,
48,TS,Savlon Soaps,SAVLON GLYCERINE SOAPS 125 GMS,41,,
49,TS,Savlon Soaps,SAVLON GLYCERINE SOAPS 125*2 GMS,75,,
50,TS,Savlon Soaps,SAVLON ALOE VERA SOAPS 125 GMS,41,,
51,TS,Savlon Soaps,SAVLON ALOE VERA SOAPS 75 GMS,22,,
52,TS,Savlon Soaps,SAVLON GLYCERINe SOAP 75*3 GMS,66,,
53,SG,FDW Shower Gel,FDW Couture Spa SHOWER GEL 550ML,337,,
54,SG,FDW Shower Gel,FDW Couture Spa SHOWERGEL 250ML,185,185,http://www.amazon.in/Fliama-Di-Wills-Couture-Invigorating/dp/B00JKHO8DO/ref=sr_1_3/277-9898065-1725734?ie=UTF8&qid=1457102447&sr=8-3&keywords=fiama+di+wills+couture+spa+shower+gel+250ml
55,SG,FDW Shower Gel,FDW Mild Dew SHOWER GEL 550ML,337,,
56,SG,FDW Shower Gel,FDW Mild Dew SHOWERGEL 250ML,185,,
57,SG,FDW Shower Gel,FDW Exotic Dream SHOWER GEL 550ML,337,,
58,SG,FDW Shower Gel,FDW Exotic Dream SHOWERGEL 250ML,185,,
59,SG,FDW Shower Gel,FDW Pure Rio Splash SHOWERGEL 250ML,185,,
60,SG,FDW Shower Gel,FDW Energizing sport SHOWERGEL 250ML,185,194,http://www.amazon.in/Fiama-Di-Wills-Energizing-Shower/dp/B00Q354IAY/ref=sr_1_1/276-2575137-7699042?ie=UTF8&qid=1457102452&sr=8-1&keywords=fiama+di+wills+energizing+sport+shower+gel+250ml
61,SG,FDW Shower Gel,FDW Refreshing Pulse SHOWERGEL 250ML,185,185,http://www.amazon.in/Fiama-Di-Wills-Refreshing-Shower/dp/B00Q354D18/ref=sr_1_1/277-3521424-6928066?ie=UTF8&qid=1457102454&sr=8-1&keywords=fiama+di+wills+refreshing+pulse+shower+gel+250ml
62,SG,FDW Shower Gel,FDW Invigorating Musk SHOWERGEL 250ML,185,not found,not found
63,SG,FDW Shower Gel,FDW La Fantassia SHOWERGEL 250ML,185,,
64,FW,FDW AQP Face Wash,FDW FOAMING FACEWASH 45ML,99,,
65,FW,FDW AQP Face Wash,FDW FOAMING FACEWASH 150ML,199,not found,not found
66,FW,FDW AQP Face Wash,FDW MEN SKIN BRIGHTENING FW 50GMS,95,not found,not found
67,FW,FDW AQP Face Wash,FDW MEN SKIN BRIGHTENING FW 100GMS,180,not found,not found
68,FW,FDW AQP Face Wash,FDW MEN CLEAR SKIN FW 50GMS,95,,
69,FW,FDW AQP Face Wash,FDW MEN CLEAR SKIN FW 100GMS,180,,
70,FW,Vivel FW,VIVEL ALOE VERA 3IN1 FW 100ML,90,,
71,FW,Vivel FW,VIVEL ALOE VERA 3IN1 FW 50ML,50,,
72,FW,Vivel FW,VIVEL GREEN TEA 3IN1 FW 50ML,50,,
73,FW,Vivel FW,VIVEL GREEN TEA 3IN1 FW 100ML,90,,
74,FW,Cell Renew FW,VIVEL Cell Renew pollution protect FW 100+20ML FR,139,,
75,FW,Cell Renew FW,VIVEL Cell Renew pollution protect  FW 50+16.5ML FR,79,,
76,FW,Cell Renew FW,VIVEL Cell Renew ENERGising FC FW 100+20ML FR,139,,
77,FW,Cell Renew FW,VIVEL Cell Renew ENERGising FC FW50+16.5ML FR,79,,
78,HW,Savlon HW,Savlon HW Double Strength 220ml+185ml,74,,
79,HW,Savlon HW,Savlon HW Moisture Shield 220ml + 185ml,74,,
80,HW,Savlon HW,Savlon HW Herbal Sensitive  220ml+185ml,74,,
81,HW,Savlon HW,Savlon HW Double Strength 185ml,45,,
82,HW,Savlon HW,Savlon HW Moisture Shield 185ml,45,,
83,HW,Savlon HW,Savlon HW Herbal Sensitive 185ml,45,,
84,SH,Fiama Shampoo,FDW ANTI HAIR FALL SERUM 50 ML,349,,
85,SH,Fiama Shampoo,FDW COLOR DAMAGE REPAIR SERUM 50ML,349,,
86,SH,Fiama Shampoo,FDW CDR 125ML CONDITIONER,109,,
87,SH,Fiama Shampoo,FDW AHF 125ML CONDITIONER,109,,
88,SH,Fiama Shampoo,FDW TDC 125ML CONDTIONER,109,,
89,SH,Fiama Shampoo,FDW TDC SERUM 50ML,349,,
90,SH,Fiama Shampoo,FDW COLOR DAMAGE REPAIR 100ml,69,,
91,SH,Fiama Shampoo,FDW COLOR DAMAGE REPAIR 200ml,129,,
92,SH,Fiama Shampoo,FDW ANTI-HAIR FALL 100ml,69,,
93,SH,Fiama Shampoo,FDW ANTI-HAIR FALL 200ml,129,,
94,SH,Fiama Shampoo,FDW TOTAL DAMAGE CONTROL 100ml,69,,
95,DT,Cologne,ENGAGE XX1 COLOGNE 165ML,275,,
96,DT,Cologne,ENGAGE XX2 COLOGNE 165ML,275,,
97,DT,Cologne,ENGAGE XX3 COLOGNE 165ML,275,,
98,DT,Cologne,ENGAGE XX4 COLOGNE 150ML,275,,
99,DT,Cologne,ENGAGE G1 COLOGNE 165ML,275,,
100,DT,Cologne,ENGAGE G2 COLOGNE 165ML,275,,
101,DT,Cologne,ENGAGE G3 COLOGNE 165ML,275,,
102,DT,Cologne,ENGAGE G4 COLOGNE 150ML,275,not found,not found
103,DT,Deodorant,ENGAGE BLUSH DEO 165ML,190,not found,not found
104,DT,Deodorant,ENGAGE SPELL DEO 165ML,190,,
105,DT,Deodorant,ENGAGE TEASE DEO 165ML,190,190,http://www.amazon.in/Engage-Woman-Deodorant-Tease-150ml/dp/B00JKHNRJ0/ref=sr_1_1/276-1756778-2107605?ie=UTF8&qid=1457102499&sr=8-1&keywords=engage+tease+deo+165ml
106,DT,Deodorant,ENGAGE RUSH DEO 165ML,190,not found,not found
107,DT,Deodorant,ENGAGE MATE DEO 165ML,190,not found,not found
108,DT,Deodorant,ENGAGE URGE DEO 165ML,190,,
109,DT,Deodorant,ENGAGE FROST DEO 165ML,190,not found,not found
110,DT,Deodorant,ENGAGE DRIZZLE DEO 165ML,190,190,http://www.amazon.in/Engage-Metal-Range-Women-Drizzle/dp/B00JKHNU4M/ref=sr_1_1/275-1104619-1113269?ie=UTF8&qid=1457102506&sr=8-1&keywords=engage+drizzle+deo+165ml
111,DT,Deodorant,ENGAGE JUMP DEO 165ML,190,190,http://www.amazon.in/Engage-Man-Deodorant-Jump-150ml/dp/B00JKHO0AK/ref=sr_1_1/275-9413155-6431965?ie=UTF8&qid=1457102507&sr=8-1&keywords=engage+jump+deo+165ml
112,DT,Deodorant,ENGAGE O'WHIFF DEO 165ML,190,190,http://www.amazon.in/Engage-Metal-Range-Women-OWhiff/dp/B00KRY53JW/ref=sr_1_1/275-6158858-8638335?ie=UTF8&qid=1457102509&sr=8-1&keywords=engage+o%27whiff+deo+165ml
113,DT,Deodorant,ENGAGE TEMPT DEO 165ML,190,,
114,DT,Deodorant,ENGAGE FUZZ DEO 165ML,190,190,http://www.amazon.in/Engage-Fuzz-bodylicious-spray-150ml/dp/B00KRY4V2C/ref=sr_1_1/280-7300272-1987500?ie=UTF8&qid=1457102512&sr=8-1&keywords=engage+fuzz+deo+165ml
115,DT,Deodorant,ENGAGE INTENSITY DEO 165ML,190,,
116,DT,Deodorant,ENGAGE ABANDON DEO 165ML,190,,
117,DT,Deodorant,ENGAGE AWE DEO 165ML,190,not found,not found
118,DT,Spray,Engage M1 Perfume Spray - For Men,210,210,http://www.amazon.in/Engage-Perfume-Spray-Men-120ml/dp/B018QGPOM8/ref=sr_1_1/276-8594961-8916209?ie=UTF8&qid=1457102516&sr=8-1&keywords=engage+m1+perfume+spray+++for+men
119,DT,Spray,Engage M2 Perfume Spray - For Men,210,210,http://www.amazon.in/Engage-Perfume-Spray-Men-120ml/dp/B018QGPOUA/ref=sr_1_1/275-1488771-6370306?ie=UTF8&qid=1457102517&sr=8-1&keywords=engage+m2+perfume+spray+++for+men
120,DT,Spray,Engage W1 Perfume Spray - For Women,210,210,http://www.amazon.in/Engage-Perfume-Spray-Women-120ml/dp/B018QGPOPA/ref=sr_1_1/276-0868587-4403427?ie=UTF8&qid=1457102518&sr=8-1&keywords=engage+w1+perfume+spray+++for+women
121,DT,Spray,Engage W2 Perfume Spray - For Women,210,210,http://www.amazon.in/Engage-Perfume-Spray-Women-120ml/dp/B018QGPOMI/ref=sr_1_1/277-5430764-3111304?ie=UTF8&qid=1457102520&sr=8-1&keywords=engage+w2+perfume+spray+++for+women
122,CR,Cell Renew,VCR (Intensive Restore 250ML+NR 100ML BL FREE),250,,
123,CR,Cell Renew,VIVEL Cell Renew  ALL YEAR LIGHT BL250ML,250,,
124,CR,Cell Renew,VIVEL Cell Renew ALL Year LIGHT BL100ML OF,79,,
125,CR,Cell Renew,VCR INTENSIVE RESTORE BL 100ML,79,,
126,CR,Cell Renew,VCR Deep Smoothing 200ML+NR 100ML BLFREE,250,,
127,CR,Cell Renew,VCR NIGht replenish 200ML+DS 100ML BL FREE,250,,
128,CR,Cell Renew,VIVEL CR repair +F HAND CRÈME 50ML,169,,
129,CR,Cell Renew,VIVEL CR repair+F MOISTURISER 50ML,449,,
130,Cleanser,Cell Renew,Cell Renew Perfect PH Face Cleanser 100ml,165,,
131,Makeup Remover,Cell Renew,Cell Renew Micellar Makeup Cleanser 150ml,349,,
132,Toner,Cell Renew,Cell Renew Clarifying Skin Toner 150ml,349,349,http://www.amazon.in/Vivel-Renew-Clarifying-Toner-150ml/dp/B011XDMR58/ref=sr_1_1/280-3415489-3542719?ie=UTF8&qid=1457102531&sr=8-1&keywords=cell+renew+clarifying+skin+toner+150ml
